INSERT INTO group_app(group_name) VALUES('user')
INSERT INTO group_app(group_name) VALUES('admin')

INSERT INTO user_app(user_name, name, pass_word, version) VALUES('maina', 'Mainardi Davide', 'PuYC2SlAA74yPJE0eporJcAYhJfayYF+eqstExAB7ws=', 0)
INSERT INTO user_app(user_name, name, pass_word, version) VALUES('guest', 'Guest User', 'hJg8YPfarcHLhphiH4AsDZ+aPDwpXIEHSPsEgRXBhuw=', 0)
INSERT INTO user_app(user_name, name, pass_word, version) VALUES('demoAdmin', 'Demo Admin', 'KpdRbDVLaISM29j1SiJqClWyHtE44getbFy7nACqWuo=', 0)

INSERT INTO users_groups_app(user_name, groups_group_name) VALUES('maina', 'user')
INSERT INTO users_groups_app(user_name, groups_group_name) VALUES('maina', 'admin')
INSERT INTO users_groups_app(user_name, groups_group_name) VALUES('guest', 'user')
INSERT INTO users_groups_app(user_name, groups_group_name) VALUES('demoAdmin', 'user')
INSERT INTO users_groups_app(user_name, groups_group_name) VALUES('demoAdmin', 'admin')

INSERT INTO worker(name, user_user_name, version) VALUES('Mainardi Davide', 'maina', 0)
INSERT INTO worker(name, user_user_name, version) VALUES('Rossi Mario', 'guest', 0)
INSERT INTO worker(name, user_user_name, version) VALUES('Bianchi Luigi', 'demoAdmin', 0)

INSERT INTO presence(worker_id, starttimestamp, endtimestamp, version) VALUES(1, '2017-07-06 08:00:00', '2017-07-06 12:00:00', 0)
INSERT INTO presence(worker_id, starttimestamp, endtimestamp, version) VALUES(1, '2017-07-06 13:00:00', '2017-07-06 17:00:00', 0)
INSERT INTO presence(worker_id, starttimestamp, endtimestamp, version) VALUES(1, '2017-07-13 08:00:00', '2017-07-13 12:00:00', 0)
INSERT INTO presence(worker_id, starttimestamp, endtimestamp, version) VALUES(1, '2017-07-13 13:00:00', '2017-07-13 17:00:00', 0)
INSERT INTO presence(worker_id, starttimestamp, endtimestamp, version) VALUES(1, '2017-07-20 08:00:00', '2017-07-20 12:00:00', 0)
INSERT INTO presence(worker_id, starttimestamp, endtimestamp, version) VALUES(1, '2017-07-20 13:00:00', '2017-07-20 17:00:00', 0)
INSERT INTO presence(worker_id, starttimestamp, endtimestamp, version) VALUES(1, '2017-07-28 08:00:00', '2017-07-28 12:00:00', 0)
INSERT INTO presence(worker_id, starttimestamp, endtimestamp, version) VALUES(1, '2017-07-28 13:00:00', null, 0)
INSERT INTO presence(worker_id, starttimestamp, endtimestamp, version) VALUES(2, '2017-05-04 08:00:00', '2017-07-06 17:00:00', 0)
INSERT INTO presence(worker_id, starttimestamp, endtimestamp, version) VALUES(2, '2017-07-13 08:00:00', '2017-07-13 17:00:00', 0)
INSERT INTO presence(worker_id, starttimestamp, endtimestamp, version) VALUES(2, '2017-07-20 08:00:00', '2017-07-20 17:00:00', 0)
INSERT INTO presence(worker_id, starttimestamp, endtimestamp, version) VALUES(2, '2017-07-28 08:00:00', null, 0)
INSERT INTO presence(worker_id, starttimestamp, endtimestamp, version) VALUES(3, '2017-05-04 08:00:00', '2017-07-06 17:00:00', 0)
INSERT INTO presence(worker_id, starttimestamp, endtimestamp, version) VALUES(3, '2017-07-13 08:00:00', '2017-07-13 17:00:00', 0)
INSERT INTO presence(worker_id, starttimestamp, endtimestamp, version) VALUES(3, '2017-07-20 08:00:00', '2017-07-20 17:00:00', 0)
INSERT INTO presence(worker_id, starttimestamp, endtimestamp, version) VALUES(3, '2017-07-28 08:00:00', null, 0)
